{"cameraMode":{"drawMode":0,"name":"Shaded","section":"Shading Mode"},"sceneLighting":false,"audioPlay":false,"sceneViewState":{"showFog":true,"showMaterialUpdate":true,"showSkybox":true,"showFlares":true,"showImageEffects":true,"showParticleSystems":true},"in2DMode":false,"pivot":{"x":-1.6039999723434449,"y":0.7400000095367432,"z":-4.1620001792907719},"rotation":{"x":0.01948954164981842,"y":-0.03419081121683121,"z":0.0006669042631983757,"w":0.9992250800132752},"size":2.645151138305664,"orthographic":false}