{"cameraMode":{"drawMode":0,"name":"Shaded","section":"Shading Mode"},"sceneLighting":false,"audioPlay":false,"sceneViewState":{"showFog":true,"showMaterialUpdate":true,"showSkybox":true,"showFlares":true,"showImageEffects":true,"showParticleSystems":true},"in2DMode":false,"pivot":{"x":344.2360534667969,"y":341.0867614746094,"z":32.84405517578125},"rotation":{"x":0.01948954164981842,"y":-0.03419081121683121,"z":0.0006669042631983757,"w":0.9992250800132752},"size":1054.06787109375,"orthographic":false}