{"cameraMode":{"drawMode":0,"name":"Shaded","section":"Shading Mode"},"sceneLighting":false,"audioPlay":false,"sceneViewState":{"showFog":true,"showMaterialUpdate":true,"showSkybox":true,"showFlares":true,"showImageEffects":true,"showParticleSystems":true},"in2DMode":false,"pivot":{"x":0.13517241179943086,"y":1.4164153337478638,"z":0.04152411222457886},"rotation":{"x":-0.009782076813280583,"y":0.9646754860877991,"z":0.03618958964943886,"w":0.26076021790504458},"size":4.572688579559326,"orthographic":false}