{"cameraMode":{"drawMode":0,"name":"Shaded","section":"Shading Mode"},"sceneLighting":true,"audioPlay":false,"sceneViewState":{"showFog":true,"showMaterialUpdate":true,"showSkybox":true,"showFlares":true,"showImageEffects":true,"showParticleSystems":true},"in2DMode":false,"pivot":{"x":247.46548461914063,"y":42.205413818359378,"z":867.8084716796875},"rotation":{"x":-0.038994863629341128,"y":0.0006097996374592185,"z":-0.000024285664039780386,"w":-0.9992392659187317},"size":1855.08056640625,"orthographic":false}