{"cameraMode":{"drawMode":0,"name":"Shaded","section":"Shading Mode"},"sceneLighting":false,"audioPlay":false,"sceneViewState":{"showFog":true,"showMaterialUpdate":true,"showSkybox":true,"showFlares":true,"showImageEffects":true,"showParticleSystems":true},"in2DMode":false,"pivot":{"x":-0.6538182497024536,"y":0.7699127793312073,"z":-0.027842074632644655},"rotation":{"x":-0.000125590551760979,"y":0.9991136789321899,"z":0.002994316630065441,"w":0.0419883131980896},"size":0.3575969338417053,"orthographic":false}