{"cameraMode":{"drawMode":0,"name":"Shaded","section":"Shading Mode"},"sceneLighting":false,"audioPlay":false,"sceneViewState":{"showFog":true,"showMaterialUpdate":true,"showSkybox":true,"showFlares":true,"showImageEffects":true,"showParticleSystems":true},"in2DMode":false,"pivot":{"x":-0.5600000023841858,"y":0.6500000953674316,"z":-2.4000000953674318},"rotation":{"x":0.08647317439317703,"y":0.12846124172210694,"z":-0.011244828812777996,"w":0.987873375415802},"size":2.669534921646118,"orthographic":false}