{"cameraMode":{"drawMode":0,"name":"Shaded","section":"Shading Mode"},"sceneLighting":false,"audioPlay":false,"sceneViewState":{"showFog":true,"showMaterialUpdate":true,"showSkybox":true,"showFlares":true,"showImageEffects":true,"showParticleSystems":true},"in2DMode":false,"pivot":{"x":-1.6557800769805909,"y":0.5919734835624695,"z":-3.1501708030700685},"rotation":{"x":0.01777920499444008,"y":-0.9821037650108337,"z":0.12471427768468857,"w":0.1400090456008911},"size":2.6894333362579347,"orthographic":false}